INSERT INTO users(email, password, first_name, last_name, patronymic_name, contact_preferences, role, social_media)
VALUES ('ivan99@gmail.com', 'jfhd86', 'Ivan', 'Ivanov', 'Ivanovich', 'TELEGRAM', 'TRAINER', '@Ivan'),
       ('petr48@gmail.com', 'fdfbbfd67sdb', 'Petr', 'Petrov', 'Petrovich', 'CELLPHONE', 'MANAGER', '+375291234567'),
       ('sidor@gmail.com', 'klkjjk', 'Sidor', 'Sidorov', 'Sidorovich', 'INSTAGRAM', 'MANAGER', '#Sidor'),
       ('jek94@gmail.com', '12qwaszx', 'Yauheni', 'Hlaholeu', 'Yayhenivich', 'TELEGRAM', 'STUDENT', '+375291234567'),
       ('sol44@yandex.by', 'qazxsw21', 'Uladzislau', 'Solovev', 'Alexandrovich', 'TELEGRAM', 'STUDENT', '#Solovey'),
       ('galina_sid@gmail.com', 'sid93LL', 'Haliana', 'Sidoric', 'Sergeevna', 'INSTAGRAM', 'STUDENT', '@Sid'),
       ('dlana@mail.ru', 'vfAz1234', 'Lana', 'Dimidova', 'Antonovna', 'TELEGRAM', 'STUDENT', '+375291234567'),
       ('AKsin@Gmail.com', '12345678OOp', 'Andrey', 'Aksenov', 'Olegovich', 'TELEGRAM', 'STUDENT', '#Android'),
       ('vagan@mail.ru', '333eeeddfd', 'Nazar', 'Vahtongov', 'Stefanovich', 'INSTAGRAM', 'STUDENT', '@Nazar'),
       ('tMin@tut.by', 'trewrg', 'Tatyana', 'Minikova', 'Mironovna', 'VIBER', 'STUDENT', '@Hleb'),
       ('Hal_Marcum@aol.net', '1acb4b95e7cbfe66ed2f6da0f532298446136ac', 'Hal', 'Marcum', 'Marcum', 'CELLPHONE', 'TRAINER', '+1 (630) 584-214'),
       ('Donte_Deal@gmail.lb', 'c54731351c8d4b6bd550add9937ae09f5736b989', 'Donte', 'Deal', 'Deal', 'CELLPHONE', 'STUDENT', '+1 (388) 897-497'),
       ('Keven_Baron@bol.cr', 'bb41d0d6758fbadfa9173550eaeb5e94cc4cb37f', 'Keven', 'Baron', 'Baron', 'INSTAGRAM', 'STUDENT', '@Keven'),
       ('Sid_Ball@uol.mx', 'ec4badd3ce8d0f2491ec8b1939494017dc0bea52', 'Sid', 'Ball', 'Ball', 'INSTAGRAM', 'STUDENT', '@Sid'),
       ('Pete_Ratliff@live.lv', 'bbf9a9092accf7e2590276295b0e2d96260d0389', 'Pete', 'Ratliff', 'Ratliff', 'INSTAGRAM', 'STUDENT', '@Pete'),
       ('Pedro_Edmonds@wanadoo.cl', 'bf694539461ba4469da625bef024fcb3385ee88f', 'Pedro', 'Edmonds', 'Edmonds', 'INSTAGRAM', 'STUDENT', '@Pedro'),
       ('Austin_Bannister@wanadoo.gm', '4d5fc3dd242da5047a47c67e7631fe620e49198b', 'Austin', 'Bannister', 'Bannister', 'INSTAGRAM', 'MANAGER', '@Austin'),
       ('Floyd_Wilke@msn.edu', '9dcd42f574db6cad6a4a2d228a9fb1a47ab1aac9', 'Floyd', 'Wilke', 'Wilke', 'CELLPHONE', 'STUDENT', '+1 (580) 874-169'),
       ('Hyman_Benedict@uol.km', '52eca9e85defa82926c5fb4b84cfb60a2c4eb5b0', 'Hyman', 'Benedict', 'Benedict', 'CELLPHONE', 'STUDENT', '+1 (893) 679-131'),
       ('Warner_Easley@mail.th', 'a38450b69d67742091295917bb214ec77e5513fc', 'Warner', 'Easley', 'Easley', 'CELLPHONE', 'STUDENT', '+1 (653) 278-723'),
       ('Chester_Vazquez@free.sn', '5e4f06c85cf4ba0c68214e881fd9e34dc746696e', 'Chester', 'Vazquez', 'Vazquez', 'CELLPHONE', 'TRAINER', '+1 (255) 194-492'),
       ('Gabriel_Terrell@laposte.re', '9d525633b67bdb9d0e97b3c9a029b0b407b08f3', 'Gabriel', 'Terrell', 'Terrell', 'CELLPHONE', 'MANAGER', '+1 (879) 438-853'),
       ('Ryan_Hass@orange.org', '82ae4592d73ca1641e9816b65fa430d373e76bc4', 'Ryan', 'Hass', 'Hass', 'CELLPHONE', 'STUDENT', '+1 (728) 585-957'),
       ('Preston_Quarles@googlemail.is', '670752121ca0b57dc2cc19eef83a91deee5fbc36', 'Preston', 'Quarles', 'Quarles', 'CELLPHONE', 'STUDENT', '+1 (664) 916-765'),
       ('Dino_Echevarria@googlemail.ky', 'd2b15b2a2e3d33c17cd8a2ac5c20595d7d2a8a26', 'Dino', 'Echevarria', 'Echevarria', 'CELLPHONE', 'STUDENT', '+1 (430) 819-554'),
       ('Arthur_Faulk@cox.ht', '1579d2f64b72957951ec51eaa2134f30ab95c41f', 'Arthur', 'Faulk', 'Faulk', 'CELLPHONE', 'STUDENT', '+1 (237) 238-828'),
       ('Mohammed_Raines@web.mq', '66938665821b85ea9ac185e0f2449231e9c02681', 'Mohammed', 'Raines', 'Raines', 'CELLPHONE', 'STUDENT', '+1 (717) 719-488'),
       ('Wilber_Mason@ymail.ug', 'e8ec09f01e188c152eccc64c397d7adff264984d', 'Wilber', 'Mason', 'Mason', 'CELLPHONE', 'STUDENT', '+1 (349) 300-228'),
       ('Gregg_Walden@sky.fj', 'b1b89409e5441260d36a57d55117b52882d8a8d3', 'Gregg', 'Walden', 'Walden', 'TELEGRAM', 'STUDENT', '#Walden'),
       ('Noe_Fenton@rediffmail.lb', '6dd1e300b20d1b877f99f251362e8c975cead607', 'Noe', 'Fenton', 'Fenton', 'TELEGRAM', 'STUDENT', '#Noe'),
       ('Ollie_Haas@rediffmail.si', '435a45db562ef10936b21d7fdedcd1782de5189d', 'Ollie', 'Haas', 'Haas', 'CELLPHONE', 'STUDENT', '+1 (636) 170-398'),
       ('Antonio_Sample@rediffmail.zw', 'c61a927c67dd138a1f5d7f3f28eec260447100e8', 'Antonio', 'Sample', 'Sample', 'CELLPHONE', 'STUDENT', '+1 (509) 190-758'),
       ('Ezequiel_Cameron@t-online.na', 'f9acf23c0d45c8dd8430179890dc6a58104c11a4', 'Ezequiel', 'Cameron', 'Cameron', 'CELLPHONE', 'STUDENT', '+1 (881) 947-804'),
       ('Glenn_Ventura@googlemail.gh', '2462f4889b015bc71783911d26c96e6e009e381b', 'Glenn', 'Ventura', 'Ventura', 'CELLPHONE', 'TRAINER', '+1 (424) 202-250'),
       ('Charlie_Barton@libero.id', 'a7d82126e8080d9095c1c75e43b76f063460d66a', 'Charlie', 'Barton', 'Barton', 'CELLPHONE', 'STUDENT', '+1 (603) 913-973'),
       ('Bernardo_Deloach@rambler.cg', 'cdca0605932af78bb28de661ad98c0e0efd6bce7', 'Bernardo', 'Deloach', 'Deloach', 'CELLPHONE', 'STUDENT', '+1 (227) 663-278'),
       ('Barrett_Schuster@aol.mr', 'a58ba8b456952b38e9f84fe08e35f549c184c98f', 'Barrett', 'Schuster', 'Schuster', 'CELLPHONE', 'STUDENT', '+1 (359) 667-705'),
       ('Waldo_Daley@orange.gg', '820042ff96178afd9b5e4b2d90b90e534f9c087', 'Waldo', 'Daley', 'Daley', 'CELLPHONE', 'STUDENT', '+1 (278) 838-538'),
       ('Tracy_Lash@uol.bg', '2f87d94e2670ef566a0bc8864a0475e28f01dca5', 'Tracy', 'Lash', 'Lash', 'CELLPHONE', 'STUDENT', '+1 (539) 902-804'),
       ('Mohammed_Tang@sky.edu', '927ff2ea7b3dceb5e35ad16503368be26d9ea905', 'Mohammed', 'Tang', 'Tang', 'CELLPHONE', 'STUDENT', '+1 (832) 713-524'),
       ('Amos_Hale@mail.az', '691c73282897a0875415aaf0ec4801a55577863e', 'Amos', 'Hale', 'Hale', 'CELLPHONE', 'STUDENT', '+1 (586) 356-127'),
       ('Nickolas_Welker@telenet.fk', '9af09784fc8a6253935b0fd59c7583a8d605f1c0', 'Nickolas', 'Welker', 'Welker', 'CELLPHONE', 'STUDENT', '+1 (709) 149-864'),
       ('Napoleon_Magee@mail.im', 'b9683879a9dd8336388641e8c630539c25c45840', 'Napoleon', 'Magee', 'Magee', 'VIBER', 'MANAGER', '@Napoleon'),
       ('Ignacio_Weis@facebook.tv', '78d2fe68518818d89168acc0151b6e77bcfc0947', 'Ignacio', 'Weis', 'Weis', 'VIBER', 'STUDENT', '@Ignacio'),
       ('Woodrow_Halsey@wanadoo.cu', '86c2eeeecc2bf33eb86dba96ac0b3579fb0d7356', 'Woodrow', 'Halsey', 'Halsey', 'VIBER', 'STUDENT', '@Woodrow'),
       ('Santo_Wiggins@t-online.rw', 'c24fc8ea00585b2d88eb4312046ecf5f672e44e7', 'Santo', 'Wiggins', 'Wiggins', 'CELLPHONE', 'STUDENT', '+1 (416) 940-413'),
       ('Tobias_Ragan@gmail.aq', '56f2d590a9a5fd324306d8dbe379933de7d936de', 'Tobias', 'Ragan', 'Ragan', 'CELLPHONE', 'STUDENT', '+1 (383) 460-172'),
       ('Brain_Canady@mail.sc', '10cba6be672a279795bd4c0d7face27086de28d1', 'Brain', 'Canady', 'Canady', 'CELLPHONE', 'STUDENT', '+1 (700) 559-606'),
       ('Jacques_Raley@libero.td', '1874ba9be2fc7675ea3f669770bbdb9d3cc3788c', 'Jacques', 'Raley', 'Raley', 'CELLPHONE', 'STUDENT', '+1 (640) 117-810'),
       ('Hershel_Keating@bol.dj', 'afce9ec0d351ec989a995e232ff3135085d852fa', 'Hershel', 'Keating', 'Keating', 'CELLPHONE', 'MANAGER', '+1 (513) 208-241'),
       ('Kelvin_Sears@cox.to', '9d188da5615a20dad2e04ff40083478f0011468f', 'Kelvin', 'Sears', 'Sears', 'CELLPHONE', 'STUDENT', '+1 (170) 541-977'),
       ('Aron_Ohara@web.gm', '2e62436aca5bf009a212d113a1a5df765e0962f9', 'Aron', 'Ohara', 'Ohara', 'CELLPHONE', 'TRAINER', '+1 (192) 446-701'),
       ('Deon_Weber@cox.ni', 'b5806f55ba2482d4f1e19de8041d9febe89163a1', 'Deon', 'Weber', 'Weber', 'CELLPHONE', 'STUDENT', '+1 (755) 695-816'),
       ('Arlen_Carter@libero.hn', '57eb5fe6cb93d4addc631f39e127e0c5816a2d24', 'Arlen', 'Carter', 'Carter', 'CELLPHONE', 'STUDENT', '+1 (489) 956-516'),
       ('Beau_Sadler@yandex.as', 'd5a19489762089156692392989a38fc515800dd5', 'Beau', 'Sadler', 'Sadler', 'CELLPHONE', 'STUDENT', '+1 (630) 316-198'),
       ('Bert_Tarver@rediffmail.sm', '35c9ee13b9261f85495c5aedf92e41499728fbaf', 'Bert', 'Tarver', 'Tarver', 'TELEGRAM', 'STUDENT', '#Solovey'),
       ('Ross_Weiner@hotmail.ch', '2d8fb430c607a0599e9d7687b94c377d480118d0', 'Ross', 'Weiner', 'Weiner', 'CELLPHONE', 'MANAGER', '+1 (261) 667-191'),
       ('Dan_Nall@orange.ir', 'db9529a306ef4231c367d1302d7e7c3aee80922d', 'Dan', 'Nall', 'Nall', 'CELLPHONE', 'STUDENT', '+1 (356) 777-588'),
       ('Lonnie_Demers@charter.pg', 'd2087a573d802599269533555228242d7b80c5a', 'Lonnie', 'Demers', 'Demers', 'CELLPHONE', 'TRAINER', '+1 (985) 401-168'),
       ('Vicente_Beers@ymail.bn', 'f163d98ec2be81af1289848ec698d684c7d0d99f', 'Vicente', 'Beers', 'Beers', 'CELLPHONE', 'STUDENT', '+1 (134) 139-410'),
       ('Rory_Kaye@live.dm', '2dbe1b6a7c576ab1c2cc5ba5dd5220e28e63dfc2', 'Rory', 'Kaye', 'Kaye', 'INSTAGRAM', 'STUDENT', '#Sidor'),
       ('Jesus_Larsen@bol.bn', 'c46c7c8de9fdb6ecffc2deb15e510641d069f0d2', 'Jesus', 'Larsen', 'Larsen', 'CELLPHONE', 'STUDENT', '+1 (997) 372-633'),
       ('Christopher_Okeefe@laposte.dj', '2b06d754ca9713663618596576011efb91c2aaab', 'Christopher', 'Okeefe', 'Okeefe', 'CELLPHONE', 'STUDENT', '+1 (878) 397-834'),
       ('Quinn_Zhang@web.li', 'c9bec53e150eb169b9715688d48bd3ec8c34eab3', 'Quinn', 'Zhang', 'Zhang', 'CELLPHONE', 'MANAGER', '+1 (175) 121-815'),
       ('Nathanial_Abel@sky.tr', '17660d10591e4bb8959f03d4b6504f7470662721', 'Nathanial', 'Abel', 'Abel', 'CELLPHONE', 'STUDENT', '+1 (579) 568-902'),
       ('Noah_Kaufman@aol.bw', '4c3ba236b2c4145b9adefebb4d3272276f24bc8c', 'Noah', 'Kaufman', 'Kaufman', 'CELLPHONE', 'STUDENT', '+1 (618) 538-197'),
       ('Curt_Wang@cox.km', '1717d883b20fc0191d399ab9e1ae570630072160', 'Curt', 'Wang', 'Wang', 'CELLPHONE', 'STUDENT', '+1 (834) 941-767'),
       ('Trey_Vann@rediffmail.pr', '37f83c5515af4e744c15f0d94aace53f951ebddf', 'Trey', 'Vann', 'Vann', 'CELLPHONE', 'STUDENT', '+1 (780) 293-288'),
       ('Darrell_Raymond@yandex.eh', '930f495afce22ea95e82aec0f2e6cace3e9dcd6', 'Darrell', 'Raymond', 'Raymond', 'CELLPHONE', 'STUDENT', '+1 (628) 866-445'),
       ('Alberto_Isaacson@web.be', '4c57771f332a682cd6e67a77286f6db99d46f379', 'Alberto', 'Isaacson', 'Isaacson', 'CELLPHONE', 'MANAGER', '+1 (860) 783-789');

INSERT INTO file_links (link)
VALUES ('link_1'),
       ('link_2'),
       ('link_3'),
       ('link_4'),
       ('link_5'),
       ('link_6'),
       ('link_7'),
       ('link_8'),
       ('link_9'),
       ('link_10'),
       ('link_11'),
       ('link_12'),
       ('link_13'),
       ('link_14'),
       ('link_15'),
       ('link_16'),
       ('link_17'),
       ('link_18'),
       ('link_19'),
       ('link_20'),
       ('link_21'),
       ('link_22'),
       ('link_23'),
       ('link_24'),
       ('link_25'),
       ('link_26'),
       ('link_27'),
       ('link_28'),
       ('link_29'),
       ('link_30'),
       ('link_31'),
       ('link_32'),
       ('link_33'),
       ('link_34'),
       ('link_35'),
       ('link_36'),
       ('link_37'),
       ('link_38'),
       ('link_39'),
       ('link_40'),
       ('link_41'),
       ('link_42'),
       ('link_43'),
       ('link_44'),
       ('link_45'),
       ('link_46'),
       ('link_47'),
       ('link_48'),
       ('link_49'),
       ('link_50');

INSERT INTO courses (title, description, price, trainer_id, start_date)
VALUES ('course_1', 'description_1', 35, 1, '2023-10-26'),
       ('course_2', 'description_2', 52, 2, '2023-06-23'),
       ('course_3', 'description_3', 90, 3, '2023-10-15'),
       ('course_4', 'description_4', 47, 4, '2023-04-16'),
       ('course_5', 'description_5', 33, 5, '2023-11-25'),
       ('course_6', 'description_6', 43, 6, '2023-11-13'),
       ('course_7', 'description_7', 49, 7, '2023-10-12'),
       ('course_8', 'description_8', 67, 8, '2023-08-01'),
       ('course_9', 'description_9', 46, 9, '2023-03-10'),
       ('course_10', 'description_10', 68, 10, '2023-05-25'),
       ('course_11', 'description_11', 22, 11, '2023-02-27'),
       ('course_12', 'description_12', 36, 12, '2023-06-25'),
       ('course_13', 'description_13', 56, 13, '2023-02-19'),
       ('course_14', 'description_14', 20, 14, '2023-04-08'),
       ('course_15', 'description_15', 50, 15, '2023-06-27'),
       ('course_16', 'description_16', 72, 16, '2023-04-20'),
       ('course_17', 'description_17', 21, 17, '2023-03-04'),
       ('course_18', 'description_18', 65, 18, '2023-04-07'),
       ('course_19', 'description_19', 28, 19, '2023-05-10'),
       ('course_20', 'description_20', 53, 20, '2023-09-18'),
       ('course_21', 'description_21', 64, 21, '2023-05-13'),
       ('course_22', 'description_22', 29, 22, '2023-07-02'),
       ('course_23', 'description_23', 96, 23, '2023-06-26'),
       ('course_24', 'description_24', 58, 24, '2023-01-11'),
       ('course_25', 'description_25', 12, 25, '2023-06-09'),
       ('course_26', 'description_26', 22, 26, '2023-12-05'),
       ('course_27', 'description_27', 54, 27, '2023-09-11'),
       ('course_28', 'description_28', 27, 28, '2023-01-27'),
       ('course_29', 'description_29', 31, 29, '2023-04-21'),
       ('course_30', 'description_30', 24, 30, '2023-04-06'),
       ('course_31', 'description_31', 70, 31, '2023-07-14'),
       ('course_32', 'description_32', 93, 32, '2023-06-28'),
       ('course_33', 'description_33', 83, 33, '2023-01-15'),
       ('course_34', 'description_34', 89, 34, '2023-05-27'),
       ('course_35', 'description_35', 49, 35, '2023-04-13'),
       ('course_36', 'description_36', 40, 36, '2023-05-07'),
       ('course_37', 'description_37', 21, 37, '2023-02-07'),
       ('course_38', 'description_38', 48, 38, '2023-08-14'),
       ('course_39', 'description_39', 31, 39, '2023-06-17'),
       ('course_40', 'description_40', 60, 40, '2023-05-15'),
       ('course_41', 'description_41', 27, 41, '2023-10-22'),
       ('course_42', 'description_42', 83, 42, '2023-03-01'),
       ('course_43', 'description_43', 47, 43, '2023-11-25'),
       ('course_44', 'description_44', 97, 44, '2023-01-24'),
       ('course_45', 'description_45', 89, 45, '2023-06-12'),
       ('course_46', 'description_46', 12, 46, '2023-03-08'),
       ('course_47', 'description_47', 31, 47, '2023-04-05'),
       ('course_48', 'description_48', 52, 48, '2023-07-04'),
       ('course_49', 'description_49', 78, 49, '2023-03-21'),
       ('course_50', 'description_50', 68, 50, '2023-06-19'),
       ('course_51', 'description_51', 80, 51, '2023-07-27'),
       ('course_52', 'description_52', 85, 52, '2023-04-17'),
       ('course_53', 'description_53', 31, 53, '2023-12-02'),
       ('course_54', 'description_54', 20, 54, '2023-10-18'),
       ('course_55', 'description_55', 48, 55, '2023-05-07'),
       ('course_56', 'description_56', 85, 56, '2023-11-14'),
       ('course_57', 'description_57', 47, 57, '2023-07-26'),
       ('course_58', 'description_58', 72, 58, '2023-02-25'),
       ('course_59', 'description_59', 35, 59, '2023-05-13'),
       ('course_60', 'description_60', 37, 60, '2023-08-28'),
       ('course_61', 'description_61', 39, 61, '2023-04-16'),
       ('course_62', 'description_62', 93, 62, '2023-12-02'),
       ('course_63', 'description_63', 23, 63, '2023-02-18'),
       ('course_64', 'description_64', 97, 64, '2023-09-13'),
       ('course_65', 'description_65', 78, 65, '2023-06-11'),
       ('course_66', 'description_66', 93, 66, '2023-01-23'),
       ('course_67', 'description_67', 57, 67, '2023-09-05'),
       ('course_68', 'description_68', 46, 68, '2023-11-04'),
       ('course_69', 'description_69', 50, 69, '2023-11-27'),
       ('course_70', 'description_70', 12, 70, '2023-11-02');

INSERT INTO lessons (course_id, title, start_time, description, content, home_task)
VALUES (1, 'lessons_1', '2023-05-15 14:39:12', 'description_1', 'content_1', 'home_task_1'),
       (2, 'lessons_2', '2023-10-10 03:26:13', 'description_2', 'content_2', 'home_task_2'),
       (3, 'lessons_3', '2023-10-24 13:20:32', 'description_3', 'content_3', 'home_task_3'),
       (4, 'lessons_4', '2023-10-04 19:22:28', 'description_4', 'content_4', 'home_task_4'),
       (5, 'lessons_5', '2023-02-05 08:32:29', 'description_5', 'content_5', 'home_task_5'),
       (6, 'lessons_6', '2023-09-22 10:11:36', 'description_6', 'content_6', 'home_task_6'),
       (7, 'lessons_7', '2023-09-15 16:18:21', 'description_7', 'content_7', 'home_task_7'),
       (8, 'lessons_8', '2023-06-26 02:08:25', 'description_8', 'content_8', 'home_task_8'),
       (9, 'lessons_9', '2023-07-17 21:50:19', 'description_9', 'content_9', 'home_task_9'),
       (10, 'lessons_10', '2023-06-12 22:07:17', 'description_10', 'content_10', 'home_task_10'),
       (11, 'lessons_11', '2023-02-23 03:33:03', 'description_11', 'content_11', 'home_task_11'),
       (12, 'lessons_12', '2023-06-11 05:13:10', 'description_12', 'content_12', 'home_task_12'),
       (13, 'lessons_13', '2023-12-25 11:43:02', 'description_13', 'content_13', 'home_task_13'),
       (14, 'lessons_14', '2023-07-14 13:23:38', 'description_14', 'content_14', 'home_task_14'),
       (15, 'lessons_15', '2023-05-25 08:06:25', 'description_15', 'content_15', 'home_task_15'),
       (16, 'lessons_16', '2023-11-12 20:44:24', 'description_16', 'content_16', 'home_task_16'),
       (17, 'lessons_17', '2023-09-04 09:53:21', 'description_17', 'content_17', 'home_task_17'),
       (18, 'lessons_18', '2023-10-16 11:25:22', 'description_18', 'content_18', 'home_task_18'),
       (19, 'lessons_19', '2023-01-09 20:03:31', 'description_19', 'content_19', 'home_task_19'),
       (20, 'lessons_20', '2023-05-03 05:49:14', 'description_20', 'content_20', 'home_task_20'),
       (21, 'lessons_21', '2023-04-16 19:28:18', 'description_21', 'content_21', 'home_task_21'),
       (22, 'lessons_22', '2023-05-02 02:46:26', 'description_22', 'content_22', 'home_task_22'),
       (23, 'lessons_23', '2023-01-22 06:08:55', 'description_23', 'content_23', 'home_task_23'),
       (24, 'lessons_24', '2023-05-18 09:13:42', 'description_24', 'content_24', 'home_task_24'),
       (25, 'lessons_25', '2023-11-14 21:45:52', 'description_25', 'content_25', 'home_task_25'),
       (26, 'lessons_26', '2023-07-06 08:33:10', 'description_26', 'content_26', 'home_task_26'),
       (27, 'lessons_27', '2023-09-14 21:43:24', 'description_27', 'content_27', 'home_task_27'),
       (28, 'lessons_28', '2023-03-23 12:30:18', 'description_28', 'content_28', 'home_task_28'),
       (29, 'lessons_29', '2023-11-15 15:57:34', 'description_29', 'content_29', 'home_task_29'),
       (30, 'lessons_30', '2023-06-11 17:44:33', 'description_30', 'content_30', 'home_task_30'),
       (31, 'lessons_31', '2023-05-25 17:08:26', 'description_31', 'content_31', 'home_task_31'),
       (32, 'lessons_32', '2023-11-17 18:09:10', 'description_32', 'content_32', 'home_task_32'),
       (33, 'lessons_33', '2023-10-03 21:29:29', 'description_33', 'content_33', 'home_task_33'),
       (34, 'lessons_34', '2023-04-06 18:38:16', 'description_34', 'content_34', 'home_task_34'),
       (35, 'lessons_35', '2023-03-05 05:14:17', 'description_35', 'content_35', 'home_task_35'),
       (36, 'lessons_36', '2023-02-17 22:51:04', 'description_36', 'content_36', 'home_task_36'),
       (37, 'lessons_37', '2023-08-16 01:54:16', 'description_37', 'content_37', 'home_task_37'),
       (38, 'lessons_38', '2023-11-24 14:10:14', 'description_38', 'content_38', 'home_task_38'),
       (39, 'lessons_39', '2023-08-28 13:53:08', 'description_39', 'content_39', 'home_task_39'),
       (40, 'lessons_40', '2023-12-22 09:42:36', 'description_40', 'content_40', 'home_task_40'),
       (41, 'lessons_41', '2023-06-05 07:28:47', 'description_41', 'content_41', 'home_task_41'),
       (42, 'lessons_42', '2023-05-22 21:32:55', 'description_42', 'content_42', 'home_task_42'),
       (43, 'lessons_43', '2023-10-08 03:22:53', 'description_43', 'content_43', 'home_task_43'),
       (44, 'lessons_44', '2023-03-21 08:38:32', 'description_44', 'content_44', 'home_task_44'),
       (45, 'lessons_45', '2023-12-09 08:43:43', 'description_45', 'content_45', 'home_task_45'),
       (46, 'lessons_46', '2023-03-11 06:29:19', 'description_46', 'content_46', 'home_task_46'),
       (47, 'lessons_47', '2023-01-03 06:45:35', 'description_47', 'content_47', 'home_task_47'),
       (48, 'lessons_48', '2023-03-10 03:53:28', 'description_48', 'content_48', 'home_task_48'),
       (49, 'lessons_49', '2023-10-28 03:46:30', 'description_49', 'content_49', 'home_task_49'),
       (50, 'lessons_50', '2023-01-06 14:36:10', 'description_50', 'content_50', 'home_task_50'),
       (51, 'lessons_51', '2023-01-17 10:53:50', 'description_51', 'content_51', 'home_task_51'),
       (52, 'lessons_52', '2023-12-07 10:26:49', 'description_52', 'content_52', 'home_task_52'),
       (53, 'lessons_53', '2023-08-07 08:18:13', 'description_53', 'content_53', 'home_task_53'),
       (54, 'lessons_54', '2023-10-16 02:15:22', 'description_54', 'content_54', 'home_task_54'),
       (55, 'lessons_55', '2023-11-18 11:17:20', 'description_55', 'content_55', 'home_task_55'),
       (56, 'lessons_56', '2023-10-20 12:43:53', 'description_56', 'content_56', 'home_task_56'),
       (57, 'lessons_57', '2023-03-03 16:11:11', 'description_57', 'content_57', 'home_task_57'),
       (58, 'lessons_58', '2023-04-11 20:44:30', 'description_58', 'content_58', 'home_task_58'),
       (59, 'lessons_59', '2023-11-14 11:11:39', 'description_59', 'content_59', 'home_task_59'),
       (60, 'lessons_60', '2023-03-16 13:27:43', 'description_60', 'content_60', 'home_task_60'),
       (61, 'lessons_61', '2023-06-21 04:38:46', 'description_61', 'content_61', 'home_task_61'),
       (62, 'lessons_62', '2023-07-12 13:08:12', 'description_62', 'content_62', 'home_task_62'),
       (63, 'lessons_63', '2023-04-07 23:09:14', 'description_63', 'content_63', 'home_task_63'),
       (64, 'lessons_64', '2023-10-07 10:16:44', 'description_64', 'content_64', 'home_task_64'),
       (65, 'lessons_65', '2023-07-06 11:38:47', 'description_65', 'content_65', 'home_task_65'),
       (66, 'lessons_66', '2023-02-25 11:42:25', 'description_66', 'content_66', 'home_task_66'),
       (67, 'lessons_67', '2023-02-22 21:34:45', 'description_67', 'content_67', 'home_task_67'),
       (68, 'lessons_68', '2023-03-19 14:56:08', 'description_68', 'content_68', 'home_task_68'),
       (69, 'lessons_69', '2023-03-23 02:08:23', 'description_69', 'content_69', 'home_task_69'),
       (70, 'lessons_70', '2023-02-15 19:49:58', 'description_70', 'content_70', 'home_task_70');

INSERT INTO homeworks (student_id, lesson_id, comment, mark, filelink_id)
VALUES (50, 1, 'comment_1', 8, 1),
       (39, 2, 'comment_2', 2, 2),
       (46, 3, 'comment_3', 9, 3),
       (48, 4, 'comment_4', 10, 4),
       (49, 5, 'comment_5', 8, 5),
       (27, 6, 'comment_6', 2, 6),
       (35, 7, 'comment_7', 7, 7),
       (1, 8, 'comment_8', 8, 8),
       (30, 9, 'comment_9', 1, 9),
       (16, 10, 'comment_10', 2, 10),
       (24, 11, 'comment_11', 3, 11),
       (66, 12, 'comment_12', 10, 12),
       (38, 13, 'comment_13', 7, 13),
       (26, 14, 'comment_14', 3, 14),
       (48, 15, 'comment_15', 6, 15),
       (56, 16, 'comment_16', 8, 16),
       (4, 17, 'comment_17', 5, 17),
       (60, 18, 'comment_18', 7, 18),
       (9, 19, 'comment_19', 10, 19),
       (6, 20, 'comment_20', 5, 20),
       (35, 21, 'comment_21', 2, 21),
       (51, 22, 'comment_22', 1, 22),
       (37, 23, 'comment_23', 3, 23),
       (66, 24, 'comment_24', 1, 24),
       (63, 25, 'comment_25', 7, 25),
       (53, 26, 'comment_26', 9, 26),
       (49, 27, 'comment_27', 9, 27),
       (23, 28, 'comment_28', 5, 28),
       (58, 29, 'comment_29', 4, 29),
       (61, 30, 'comment_30', 9, 30),
       (62, 31, 'comment_31', 8, 31),
       (52, 32, 'comment_32', 9, 32),
       (1, 33, 'comment_33', 5, 33),
       (17, 34, 'comment_34', 8, 34),
       (50, 35, 'comment_35', 3, 35),
       (26, 36, 'comment_36', 3, 36),
       (35, 37, 'comment_37', 4, 37),
       (7, 38, 'comment_38', 5, 38),
       (44, 39, 'comment_39', 10, 39),
       (27, 40, 'comment_40', 9, 40),
       (25, 41, 'comment_41', 3, 41),
       (35, 42, 'comment_42', 6, 42),
       (59, 43, 'comment_43', 10, 43),
       (50, 44, 'comment_44', 6, 44),
       (67, 45, 'comment_45', 10, 45),
       (22, 46, 'comment_46', 6, 46),
       (38, 47, 'comment_47', 5, 47),
       (65, 48, 'comment_48', 1, 48),
       (54, 49, 'comment_49', 10, 49),
       (52, 50, 'comment_50', 1, 50);

INSERT INTO requests (course_id, user_id, status)
VALUES ((SELECT id FROM courses WHERE title = 'course_1'), (SELECT id FROM users WHERE email = 'ivan99@gmail.com'), 'PROCESSING'),
       ((SELECT id FROM courses WHERE title = 'course_2'), (SELECT id FROM users WHERE email = 'petr48@gmail.com'), 'PROCESSING'),
       ((SELECT id FROM courses WHERE title = 'course_3'), (SELECT id FROM users WHERE email = 'sidor@gmail.com'), 'PROCESSING'),
       ((SELECT id FROM courses WHERE title = 'course_4'), (SELECT id FROM users WHERE email = 'jek94@gmail.com'), 'PROCESSING'),
       ((SELECT id FROM courses WHERE title = 'course_5'), (SELECT id FROM users WHERE email = 'sol44@yandex.by'), 'PROCESSING'),
       ((SELECT id FROM courses WHERE title = 'course_6'), (SELECT id FROM users WHERE email = 'galina_sid@gmail.com'), 'PROCESSING'),
       ((SELECT id FROM courses WHERE title = 'course_7'), (SELECT id FROM users WHERE email = 'dlana@mail.ru'), 'PROCESSING'),
       ((SELECT id FROM courses WHERE title = 'course_8'), (SELECT id FROM users WHERE email = 'AKsin@Gmail.com'), 'PROCESSING'),
       ((SELECT id FROM courses WHERE title = 'course_9'), (SELECT id FROM users WHERE email = 'vagan@mail.ru'), 'PROCESSING'),
       ((SELECT id FROM courses WHERE title = 'course_10'), (SELECT id FROM users WHERE email = 'tMin@tut.by'), 'PROCESSING'),
       ((SELECT id FROM courses WHERE title = 'course_11'), (SELECT id FROM users WHERE email = 'Hal_Marcum@aol.net'), 'PROCESSING'),
       ((SELECT id FROM courses WHERE title = 'course_12'), (SELECT id FROM users WHERE email = 'Donte_Deal@gmail.lb'), 'PROCESSING'),
       ((SELECT id FROM courses WHERE title = 'course_13'), (SELECT id FROM users WHERE email = 'Keven_Baron@bol.cr'), 'PROCESSING'),
       ((SELECT id FROM courses WHERE title = 'course_14'), (SELECT id FROM users WHERE email = 'Sid_Ball@uol.mx'), 'PROCESSING'),
       ((SELECT id FROM courses WHERE title = 'course_15'), (SELECT id FROM users WHERE email = 'Pete_Ratliff@live.lv'), 'PROCESSING'),
       ((SELECT id FROM courses WHERE title = 'course_16'), (SELECT id FROM users WHERE email = 'Pedro_Edmonds@wanadoo.cl'), 'PROCESSING'),
       ((SELECT id FROM courses WHERE title = 'course_17'), (SELECT id FROM users WHERE email = 'Austin_Bannister@wanadoo.gm'), 'PROCESSING'),
       ((SELECT id FROM courses WHERE title = 'course_18'), (SELECT id FROM users WHERE email = 'Floyd_Wilke@msn.edu'), 'PROCESSING'),
       ((SELECT id FROM courses WHERE title = 'course_19'), (SELECT id FROM users WHERE email = 'Hyman_Benedict@uol.km'), 'PROCESSING'),
       ((SELECT id FROM courses WHERE title = 'course_20'), (SELECT id FROM users WHERE email = 'Warner_Easley@mail.th'), 'PROCESSING'),
       ((SELECT id FROM courses WHERE title = 'course_21'), (SELECT id FROM users WHERE email = 'Chester_Vazquez@free.sn'), 'PROCESSING'),
       ((SELECT id FROM courses WHERE title = 'course_22'), (SELECT id FROM users WHERE email = 'Gabriel_Terrell@laposte.re'), 'PROCESSING'),
       ((SELECT id FROM courses WHERE title = 'course_23'), (SELECT id FROM users WHERE email = 'Ryan_Hass@orange.org'), 'PROCESSING'),
       ((SELECT id FROM courses WHERE title = 'course_24'), (SELECT id FROM users WHERE email = 'Preston_Quarles@googlemail.is'), 'PROCESSING'),
       ((SELECT id FROM courses WHERE title = 'course_25'), (SELECT id FROM users WHERE email = 'Dino_Echevarria@googlemail.ky'), 'PROCESSING'),
       ((SELECT id FROM courses WHERE title = 'course_26'), (SELECT id FROM users WHERE email = 'Arthur_Faulk@cox.ht'), 'PROCESSING'),
       ((SELECT id FROM courses WHERE title = 'course_27'), (SELECT id FROM users WHERE email = 'Mohammed_Raines@web.mq'), 'PROCESSING'),
       ((SELECT id FROM courses WHERE title = 'course_28'), (SELECT id FROM users WHERE email = 'Wilber_Mason@ymail.ug'), 'PROCESSING'),
       ((SELECT id FROM courses WHERE title = 'course_29'), (SELECT id FROM users WHERE email = 'Gregg_Walden@sky.fj'), 'PROCESSING'),
       ((SELECT id FROM courses WHERE title = 'course_30'), (SELECT id FROM users WHERE email = 'Noe_Fenton@rediffmail.lb'), 'PROCESSING'),
       ((SELECT id FROM courses WHERE title = 'course_31'), (SELECT id FROM users WHERE email = 'Ollie_Haas@rediffmail.si'), 'PROCESSING'),
       ((SELECT id FROM courses WHERE title = 'course_32'), (SELECT id FROM users WHERE email = 'Antonio_Sample@rediffmail.zw'), 'PROCESSING'),
       ((SELECT id FROM courses WHERE title = 'course_33'), (SELECT id FROM users WHERE email = 'Ezequiel_Cameron@t-online.na'), 'PROCESSING'),
       ((SELECT id FROM courses WHERE title = 'course_34'), (SELECT id FROM users WHERE email = 'Glenn_Ventura@googlemail.gh'), 'PROCESSING'),
       ((SELECT id FROM courses WHERE title = 'course_35'), (SELECT id FROM users WHERE email = 'Charlie_Barton@libero.id'), 'PROCESSING'),
       ((SELECT id FROM courses WHERE title = 'course_36'), (SELECT id FROM users WHERE email = 'Bernardo_Deloach@rambler.cg'), 'PROCESSING'),
       ((SELECT id FROM courses WHERE title = 'course_37'), (SELECT id FROM users WHERE email = 'Barrett_Schuster@aol.mr'), 'PROCESSING'),
       ((SELECT id FROM courses WHERE title = 'course_38'), (SELECT id FROM users WHERE email = 'Waldo_Daley@orange.gg'), 'PROCESSING'),
       ((SELECT id FROM courses WHERE title = 'course_39'), (SELECT id FROM users WHERE email = 'Tracy_Lash@uol.bg'), 'PROCESSING'),
       ((SELECT id FROM courses WHERE title = 'course_40'), (SELECT id FROM users WHERE email = 'Mohammed_Tang@sky.edu'), 'PROCESSING'),
       ((SELECT id FROM courses WHERE title = 'course_41'), (SELECT id FROM users WHERE email = 'Amos_Hale@mail.az'), 'PROCESSING'),
       ((SELECT id FROM courses WHERE title = 'course_42'), (SELECT id FROM users WHERE email = 'Nickolas_Welker@telenet.fk'), 'PROCESSING'),
       ((SELECT id FROM courses WHERE title = 'course_43'), (SELECT id FROM users WHERE email = 'Napoleon_Magee@mail.im'), 'PROCESSING'),
       ((SELECT id FROM courses WHERE title = 'course_44'), (SELECT id FROM users WHERE email = 'Ignacio_Weis@facebook.tv'), 'PROCESSING'),
       ((SELECT id FROM courses WHERE title = 'course_45'), (SELECT id FROM users WHERE email = 'Woodrow_Halsey@wanadoo.cu'), 'PROCESSING'),
       ((SELECT id FROM courses WHERE title = 'course_46'), (SELECT id FROM users WHERE email = 'Santo_Wiggins@t-online.rw'), 'PROCESSING'),
       ((SELECT id FROM courses WHERE title = 'course_47'), (SELECT id FROM users WHERE email = 'Tobias_Ragan@gmail.aq'), 'PROCESSING'),
       ((SELECT id FROM courses WHERE title = 'course_48'), (SELECT id FROM users WHERE email = 'Brain_Canady@mail.sc'), 'PROCESSING'),
       ((SELECT id FROM courses WHERE title = 'course_49'), (SELECT id FROM users WHERE email = 'Jacques_Raley@libero.td'), 'PROCESSING'),
       ((SELECT id FROM courses WHERE title = 'course_50'), (SELECT id FROM users WHERE email = 'Hershel_Keating@bol.dj'), 'PROCESSING'),
       ((SELECT id FROM courses WHERE title = 'course_51'), (SELECT id FROM users WHERE email = 'Kelvin_Sears@cox.to'), 'PROCESSING'),
       ((SELECT id FROM courses WHERE title = 'course_52'), (SELECT id FROM users WHERE email = 'Aron_Ohara@web.gm'), 'PROCESSING'),
       ((SELECT id FROM courses WHERE title = 'course_53'), (SELECT id FROM users WHERE email = 'Deon_Weber@cox.ni'), 'PROCESSING'),
       ((SELECT id FROM courses WHERE title = 'course_54'), (SELECT id FROM users WHERE email = 'Arlen_Carter@libero.hn'), 'PROCESSING'),
       ((SELECT id FROM courses WHERE title = 'course_55'), (SELECT id FROM users WHERE email = 'Beau_Sadler@yandex.as'), 'PROCESSING'),
       ((SELECT id FROM courses WHERE title = 'course_56'), (SELECT id FROM users WHERE email = 'Bert_Tarver@rediffmail.sm'), 'PROCESSING'),
       ((SELECT id FROM courses WHERE title = 'course_57'), (SELECT id FROM users WHERE email = 'Ross_Weiner@hotmail.ch'), 'PROCESSING'),
       ((SELECT id FROM courses WHERE title = 'course_58'), (SELECT id FROM users WHERE email = 'Dan_Nall@orange.ir'), 'PROCESSING'),
       ((SELECT id FROM courses WHERE title = 'course_59'), (SELECT id FROM users WHERE email = 'Lonnie_Demers@charter.pg'), 'PROCESSING'),
       ((SELECT id FROM courses WHERE title = 'course_60'), (SELECT id FROM users WHERE email = 'Vicente_Beers@ymail.bn'), 'PROCESSING'),
       ((SELECT id FROM courses WHERE title = 'course_61'), (SELECT id FROM users WHERE email = 'Rory_Kaye@live.dm'), 'PROCESSING'),
       ((SELECT id FROM courses WHERE title = 'course_62'), (SELECT id FROM users WHERE email = 'Jesus_Larsen@bol.bn'), 'PROCESSING'),
       ((SELECT id FROM courses WHERE title = 'course_63'), (SELECT id FROM users WHERE email = 'Christopher_Okeefe@laposte.dj'), 'PROCESSING'),
       ((SELECT id FROM courses WHERE title = 'course_64'), (SELECT id FROM users WHERE email = 'Quinn_Zhang@web.li'), 'PROCESSING'),
       ((SELECT id FROM courses WHERE title = 'course_65'), (SELECT id FROM users WHERE email = 'Nathanial_Abel@sky.tr'), 'PROCESSING'),
       ((SELECT id FROM courses WHERE title = 'course_66'), (SELECT id FROM users WHERE email = 'Noah_Kaufman@aol.bw'), 'PROCESSING'),
       ((SELECT id FROM courses WHERE title = 'course_67'), (SELECT id FROM users WHERE email = 'Curt_Wang@cox.km'), 'PROCESSING'),
       ((SELECT id FROM courses WHERE title = 'course_68'), (SELECT id FROM users WHERE email = 'Trey_Vann@rediffmail.pr'), 'PROCESSING'),
       ((SELECT id FROM courses WHERE title = 'course_69'), (SELECT id FROM users WHERE email = 'Darrell_Raymond@yandex.eh'), 'PROCESSING'),
       ((SELECT id FROM courses WHERE title = 'course_70'), (SELECT id FROM users WHERE email = 'Alberto_Isaacson@web.be'), 'PROCESSING');

INSERT INTO token_links (token, active_time, create_time)
VALUES ('b10b8b1e-4416-471b-9868-7c48ac8307e5', '2163', '2023-01-07 10:02:46'),
       ('59ad2045-d06e-4e39-b044-3f5f1fe8fe74', '3289', '2023-12-23 23:43:31'),
       ('0db372f4-0f00-43de-a98c-cf90fb2a866f', '1197', '2023-09-13 09:08:39'),
       ('a473810c-5d44-4d69-b4fb-12e40ba5b191', '1736', '2023-11-19 22:21:58'),
       ('c1aa8852-60fe-4d3a-a08d-a486aa7142df', '2445', '2023-11-02 02:11:24'),
       ('6b209e58-7a29-45a9-b947-6a2243bc03ff', '1064', '2023-11-11 14:51:26'),
       ('9ebdbcbb-0484-4c0c-9fca-f0245aa23632', '1708', '2023-12-04 20:28:28'),
       ('7550ca50-c1b6-4ef1-8676-866b727d8e4c', '1282', '2023-03-15 23:01:26'),
       ('37e83bc1-ca29-4a82-9462-39c77771d896', '441', '2023-08-20 06:20:22'),
       ('feee3676-8f0d-42a9-a836-e180649be989', '1962', '2023-04-18 03:29:53'),
       ('803406e8-af72-440c-a1e1-36a149f53b49', '3278', '2023-06-05 13:12:44'),
       ('ee7e5aff-72e4-4461-8fd9-153a6e384d94', '1502', '2023-12-04 16:30:39'),
       ('2688c3fc-0348-4ac0-acca-5399c21731b3', '1586', '2023-06-08 19:45:32'),
       ('3088f217-c160-45f7-a861-a10a060e1dee', '1215', '2023-04-20 01:34:25'),
       ('ecb8c006-dda2-4e8a-a8a9-372d17921e1e', '2116', '2023-04-01 22:27:49'),
       ('5ad9c651-1687-4929-bda0-b69c0ed8bba8', '1717', '2023-07-23 04:57:33'),
       ('4e47ebc5-e2a0-44d9-a526-5fea93d68c45', '2304', '2023-03-12 04:02:48'),
       ('98764577-145b-49ff-aed6-30dd54da00f8', '549', '2023-08-23 07:24:25'),
       ('a2421c32-16b8-43fd-9497-748350907bc1', '3514', '2023-02-20 22:32:23'),
       ('c7ec8242-0eed-4af9-9490-7f02d8b60481', '3581', '2023-09-08 12:30:17'),
       ('a4cbd0c3-f9db-40e3-a841-dcd9505c1987', '3148', '2023-04-17 06:21:49'),
       ('55927c70-5e6e-4a5c-a617-86a7707a1730', '1862', '2023-06-13 09:27:56'),
       ('f53e69ec-8942-49af-a324-fb950cd5d549', '3219', '2023-08-04 13:31:12'),
       ('c3fc945f-b8fd-4577-83cc-59e8b720afa2', '1621', '2023-02-13 09:19:04'),
       ('419e9cc7-bd12-4bcb-8949-f4875e01d8fd', '1369', '2023-08-10 05:17:45'),
       ('6abbc044-a9c5-43c3-8bdf-49412b378532', '1811', '2023-11-22 22:40:42'),
       ('0af488ae-699b-4213-befe-1a5d11e5a963', '1929', '2023-10-17 02:52:09'),
       ('126ceb5c-2ce6-49bc-8811-c35610470679', '3331', '2023-08-13 06:56:14'),
       ('8607fa3d-3427-4540-b7c2-5f70ab66a427', '2271', '2023-04-23 03:32:30'),
       ('9b95888b-ba0c-4c31-95d8-23a9b04d88ff', '1593', '2023-06-13 19:54:04'),
       ('3dc922c7-088e-4629-bbc1-0a277a911c35', '2775', '2023-08-10 05:38:26'),
       ('73316b51-3def-4d57-8a65-79d90a7fd6cb', '23', '2023-12-28 17:57:37'),
       ('3fd2471a-02df-4120-83d4-3ce7a39417e9', '2829', '2023-04-18 20:12:56'),
       ('0ed32400-4ddb-4560-b198-57d5b2f80db3', '3323', '2023-06-04 13:36:35'),
       ('ba69b762-88c0-465f-9c47-d146d54faaf3', '2547', '2023-03-19 02:32:06'),
       ('1d73f511-4156-440b-a131-f8ef8b422d24', '3032', '2023-08-20 11:41:02'),
       ('f79f1fa7-3431-487e-bc59-5ffd01e1f295', '1256', '2023-04-04 11:05:41'),
       ('3b06406e-955e-42a2-a7a0-2964e6fab77f', '131', '2023-07-02 06:46:46'),
       ('c7d41392-160b-4191-b835-110a690ef695', '1706', '2023-03-04 15:35:44'),
       ('4399a799-008a-45e2-b6b2-d42c97c0e977', '2038', '2023-02-05 16:21:01'),
       ('54b48b2c-1b73-43fc-9873-2ebcd8286ebd', '305', '2023-10-10 10:21:53'),
       ('cfcc20eb-e0fe-47cb-90ca-8d18c6afd35f', '2958', '2023-12-06 17:10:49'),
       ('6d3e9864-d3df-4cbb-a8de-7674ffdf6048', '978', '2023-10-25 07:50:34'),
       ('417f2652-f82f-471f-8f7a-94eb23542d34', '3054', '2023-11-18 19:21:02'),
       ('000ed6ec-906b-4555-a836-814efbac6eac', '731', '2023-05-27 13:27:19'),
       ('b8102a1a-e45d-405a-9da1-65699956be38', '235', '2023-05-26 11:44:58'),
       ('a66f8694-99ac-422c-965b-5d286f1c4f56', '2418', '2023-04-15 13:27:33'),
       ('100abb11-b250-43c2-b583-52fb41febf81', '2867', '2023-09-18 11:54:41'),
       ('62bf2843-719f-41fc-a233-628b24101b6f', '2800', '2023-01-03 02:15:46'),
       ('c39090b4-6c6a-4c6b-9f5f-526f48c754ff', '783', '2023-07-01 15:26:52'),
       ('3243d162-bafb-4a88-92f9-70f679c9ec2b', '635', '2023-02-28 08:49:59'),
       ('a65b8850-761b-4c9a-b13b-ea86f6ba790e', '172', '2023-03-06 09:51:18'),
       ('f92cbacb-59ee-4934-b70c-2efd5b565a86', '1545', '2023-04-28 10:24:43'),
       ('2337b655-846f-47fe-b819-1bc022639425', '2443', '2023-12-20 09:59:12'),
       ('08a51e32-3572-4fae-b79f-13faa7c729c7', '3543', '2023-09-22 08:16:14'),
       ('99930cb3-975c-410b-8f86-74ac3aa186e2', '441', '2023-05-23 05:43:42'),
       ('467391d4-35fa-497b-95e7-379409505b34', '803', '2023-01-27 07:57:09'),
       ('b666e8f6-67d7-4b33-abce-8bb84bd77696', '967', '2023-11-03 08:17:40'),
       ('10381bb0-0caa-4462-b61c-48bc43e525f1', '318', '2023-11-12 11:37:37'),
       ('ac52ee58-1dca-4963-9115-91afb99bcc62', '211', '2023-06-11 18:02:19'),
       ('383e5c59-c960-4f64-a5b5-509405bceecd', '3099', '2023-09-15 20:25:37'),
       ('ba6964ad-bd4c-40eb-a131-ca25733cb3c2', '3394', '2023-01-22 10:39:16'),
       ('ae16d9d0-0212-4a31-94ef-7bec941f674e', '1840', '2023-11-05 19:26:50'),
       ('bdce7d6c-b531-4d30-b7cb-9c2e09f9cadf', '900', '2023-04-17 10:54:26');
